name;birthday;telephone;address;card;email
Faustino Abbott II;20110514;(+55) 253-699-68-30;7802 Green Grove;670991796986315558;annabelle_barton@bernhard.com
Abigail Champlin;19880228;(+15)654-126-28-43;66460 Runolfsson Ports;6767535403567344179;xiao.schinner@kertzmann.org
Lenny Zemlak;19991025;(+74) 477-297-32-48;58211 Cortez Crossing;5019680702765188;shiela.windler@price.com
Michel Feest;1998-04-13;(+12) 398-560-93-57;1284 Barry Roads;5019352026867542;man@goyette-rutherford.info
Warren Connelly;1993-05-02;(+34) 688-47746-90;673 Bradtke Shore;4202027695866765;iesha@bailey.biz
Dwana O'Connell;2002-08-26;(+16) 711 350 16 68;3357 Beahan Isle;6709983401201841;frederick@greenholt.io
Prof. Gerri Hartmann;20020114;(+65)681-985-18-74;7035 Lemke Branch;56826795341654589;glennis_kunze@upton-schroeder.co
Barton Tillman;19950814;(+13) 832 395 85 62;199 Celena Mission;371786688129951;maxwell.schumm@mayert.com
Ms. Elbert Schroeder;19771106;(+16)738-850-74-33;1363 Hunter Lights;64746295500433016502;genevieve_williamson@bruen.info
Rep. Dane Volkman;1991-05-28;(+73) 470 688 19 20;5132 Arron Estate;4666253990047732;jeanne_weber@shields-kutch.com
Shu Fisher;20120314;(+11) 980-39928-84;936 Stiedemann Lodge;5256049504818706;imogene_wunsch@lubowitz.io
Roderick McDermott;1997-06-26;(+51) 124-196-67-38;70338 Larson Extensions;508665950392;arlen.schaden@kemmer.net
Charley DuBuque;19710626;(+42) 999 641 23 14;21336 Roger Forks;6759487283487972;simon_mcclure@larson.info
Gennie O'Conner;19820817;(+43) 637-70377-96;847 O'Reilly Squares;5019581669803634;cesar.robel@kirlin.co
Alina Balistreri;1982-06-20;(+13) 404 355 12 80;81457 Monahan Forest;6771167448021809;domingo.mayert@macejkovic-jaskolski.biz
Larraine Blick;20050209;(+44) 151-20136-51;73296 Quigley Wells;6304975730860122;laurinda@dibbert-schinner.io
Blaine Crooks;20210522;(+26) 502-81352-40;7549 Graham Motorway;5296125223084812;ali_kertzmann@gorczany-luettgen.net
Wanda Bahringer;2017-08-30;(+66) 507-388-47-84;513 Gisele Mountain;349972746960442;lauri.donnelly@collier-macgyver.co
Chanel Waelchi;1996-12-23;(+56)752-522-43-62;79196 Tomiko Mountain;4931689248555142;fern@bernier-rutherford.com
Brittny Bartoletti;2020-03-14;(+45) 557 955 17 92;1451 Stiedemann Passage;4547144201683875;joan@parker.com
Sheilah Schulist;20030904;(+46) 638-82138-13;13104 Gerhold River;4423347982784890;mauricio@bailey.co
Dr. Rhiannon Hintz;20130616;(+19)652-647-42-56;7896 Toy Pine;4742032982137;mauricio@bailey.co
Chester Hoppe JD;19800801;(+42)973-824-59-56;664 Chris Trail;344643152648806;digna.walter@osinski.co
Keila Baumbach;19700307;(+34) 110-906-60-33;64028 Jewel Fields;6759841143912042815;hoyt.ratke@effertz.io
Dean Krajcik;20190915;(+96) 838-72982-71;2773 Haag Shoals;569629145700273;hector@wiza.co
Lyman Zboncak Ret.;2020-03-31;(+61) 838-58177-25;56511 Vandervort Pine;3529743207032617;rita@ziemann.io
Brande Graham;19730128;(+73) 890 981 64 86;82119 Danna Drive;677195369485146277;williemae_conroy@harvey.name
Alexa Lubowitz;19891017;(+74) 504-24541-13;64048 Rath Plains;57658750857085;darin@quigley.net
Mrs. Jesusa Douglas;20131225;(+57) 482-509-11-74;4346 Bosco Village;676716263988201212;alyson_barrows@goldner.co
Dionne Larkin CPA;19750524;(+98) 641 939 85 41;960 Beier Bypass;5019382406507905;almeda.west@konopelski.name
Lavelle Mante;2006-03-29;(+93) 495-74732-92;1821 Garret Burgs;6007225995723007;young.harber@pfeffer.org
Magaly Leannon;1994-01-08;(+60) 409-294-11-50;6420 Tromp Trace;6767322766087066689;phoebe@renner.info
Jess_Muller;20100126;(+29)392-554-94-31;6863 Huel Mountain;6007226659635388;tonita@gottlieb.co
Herb Schaefer;1973-06-16;(+98) 966-77060-46;961 Jere Groves;675981045704494407;marcellus.walter@graham-weber.com
Msgr. Denyse Mertz;19880210;(+28) 276-66759-78;2231 Harry Passage;6304957303992136;keith.mueller@yost-mueller.com
Emmanuel-Pfeffer;19960728;(+11) 593 409 33 18;21406 Lemke Corner;5019730440022515;terence_christiansen@harris.net
Stacey Labadie;2007-10-10;(+86)555-305-53-59;956 Rempel Fields;4796528750549;sylvester_yundt@reinger.org
Leigha Lynch;20130723;(+42) 525-12267-46;1218 Rath Forge;5019904071944863;ivana@rowe.biz
Ign@cio Wiza;2021-01-09;(+94)113-415-94-23;558 McClure Street;346751211834537;margart_grimes@douglas.com
Alfred Skiles;20030216;(+30)810-371-50-76;590 Beau Views;56311517221347718;erin_mckenzie@dach.co
Leeanna Lowe;1996-05-24;(+38) 332 450 42 15;21297 Raul Street;4548945967206282;criselda@runolfsdottir-becker.net
Wally Christiansen;2008-07-06;(+68)174-991-53-38;945 Otis Trafficway;501945680794829154;maire@kessler.name
Lavonna Lehner;19850620;(+69) 457-38196-42;3467 Volkman Square;4645435532083251;waltraud.kreiger@marvin.co
Jaime Predovic;20010330;(+51) 649 714 92 19;3342 Emard Well;4193749420013;coralie@murazik.net
Jerry Johns;1993-04-15;(+44) 463-528-70-91;29962 Haley Mountain;5019236470813047;williams_streich@koch-fahey.com
Ruthie Steuber VM;1991-08-24;(+21)907-617-29-71;974 Blair Drive;6007229744583423;cordia.torp@kuhic.org
Rev. Wilbur Fritsch;19701127;(+76) 928 437 13 69;200 Crooks Prairie;5019395422083065;roger_lynch@jast.com
Ellis Farrell;2000-12-21;(+43) 715-138-21-38;64831 Rath Court;6767386507234661300;joanne@cummerata.org
Rev. R@ul Cronin;20060307;(+27) 708-881-86-92;39595 Rosenbaum Wells;675981890801604691;jean.stamm@roob.org
Cherelle Parker;1976-12-16;(+78) 100-51693-77;280 Jeff Glens;675954028835022100;mitzi@farrell-pollich.name
Edmundo Kozey;20011126;(+54) 575-44910-90;1856 Roselia Valley;6709416667013028380;whitney@zemlak.org
